Type,SGLV,SGLCB32,SGLCB22,SGLCB23
1,0.0003976,117,39,116
0,0.004396,7507,33528,7559
0,0.001244,2824,4617,2800
0,0.001076,5070,8725,5131
0,0.000845,767,1562,768
0,0.0009234,4262,13730,4152
0,0.001131,8813,30227,8812
1,0.0002869,9,18,9
0,0.0008921,7739,10037,7789
0,0.0005807,4383,4348,4368
1,0.0004278,259,132,254
0,0.00133,4268,9981,4125
0,0.000965,2081,4760,2071
0,0.000697,9287,23499,9289
0,0.0005804,2512,4383,2445
1,0.0003943,391,362,397
